Order_Id,Customer_Id,Order_Date
1,1391,1/1/2015
2,966,1/1/2015
3,1886,1/1/2015
4,1922,1/1/2015
5,463,1/1/2015
6,874,1/1/2015
7,1715,1/1/2015
8,1136,1/1/2015
9,1675,1/1/2015
10,544,1/1/2015
11,835,1/1/2015
12,1567,1/1/2015
13,81,1/1/2015
14,235,1/2/2015
15,1043,1/2/2015
16,119,1/2/2015
17,1507,1/2/2015
18,23,1/2/2015
19,84,1/2/2015
20,1168,1/2/2015
21,710,1/2/2015
22,1172,1/2/2015
23,545,1/2/2015
24,799,1/2/2015
25,802,1/2/2015
26,1374,1/2/2015
27,891,1/2/2015
28,106,1/2/2015
29,271,1/2/2015
30,147,1/2/2015
31,1065,1/2/2015
32,1788,1/2/2015
33,161,1/2/2015
34,1134,1/2/2015
35,232,1/2/2015
36,252,1/2/2015
37,74,1/2/2015
38,304,1/2/2015
39,493,1/2/2015
40,46,1/2/2015
41,162,1/2/2015
42,685,1/2/2015
43,1235,1/2/2015
44,915,1/2/2015
45,169,1/2/2015
46,74,1/2/2015
47,235,1/2/2015
48,111,1/2/2015
49,155,1/2/2015
50,1099,1/2/2015
51,275,1/2/2015
52,1635,1/2/2015
53,11,1/2/2015
54,1443,1/2/2015
55,453,1/2/2015
56,1600,1/2/2015
57,1353,1/2/2015
58,964,1/2/2015
59,1559,1/2/2015
60,878,1/2/2015
61,783,1/2/2015
62,1313,1/2/2015
63,661,1/2/2015
64,1231,1/2/2015
65,1324,1/3/2015
66,156,1/3/2015
67,1764,1/3/2015
68,1353,1/3/2015
69,283,1/3/2015
70,1582,1/3/2015
71,1851,1/3/2015
72,1537,1/3/2015
73,564,1/3/2015
74,347,1/3/2015
75,1559,1/3/2015
76,159,1/3/2015
77,853,1/3/2015
78,1837,1/3/2015
79,1965,1/3/2015
80,1844,1/3/2015
81,867,1/3/2015
82,1888,1/3/2015
83,968,1/3/2015
84,827,1/3/2015
85,664,1/3/2015
86,274,1/3/2015
87,110,1/3/2015
88,1425,1/3/2015
89,1997,1/3/2015
90,1409,1/3/2015
91,464,1/3/2015
92,1801,1/3/2015
93,130,1/3/2015
94,1610,1/3/2015
95,218,1/3/2015
96,1692,1/3/2015
97,240,1/3/2015
98,583,1/3/2015
99,648,1/3/2015
100,222,1/3/2015
101,1380,1/3/2015
102,861,1/3/2015
103,300,1/3/2015
104,933,1/3/2015
105,3,1/3/2015
106,300,1/3/2015
107,1791,1/3/2015
108,1771,1/3/2015
109,277,1/3/2015
110,1917,1/3/2015
111,1309,1/3/2015
112,595,1/3/2015
113,515,1/3/2015
114,161,1/3/2015
115,1428,1/3/2015
116,1755,1/3/2015
117,1841,1/3/2015
118,683,1/3/2015
119,864,1/3/2015
120,1022,1/3/2015
121,958,1/3/2015
122,859,1/3/2015
123,148,1/3/2015
124,557,1/3/2015
125,1108,1/3/2015
126,540,1/3/2015
127,761,1/3/2015
128,192,1/3/2015
129,1012,1/3/2015
130,908,1/3/2015
131,853,1/4/2015
132,675,1/4/2015
133,912,1/4/2015
134,168,1/4/2015
135,429,1/4/2015
136,40,1/4/2015
137,90,1/4/2015
138,537,1/4/2015
139,165,1/4/2015
140,96,1/4/2015
141,1927,1/4/2015
142,583,1/4/2015
143,391,1/4/2015
144,1692,1/4/2015
145,1486,1/4/2015
146,61,1/4/2015
147,1613,1/4/2015
148,1591,1/4/2015
149,566,1/4/2015
150,1189,1/4/2015
151,1334,1/4/2015
152,1650,1/4/2015
153,153,1/4/2015
154,1514,1/4/2015
155,83,1/4/2015
156,22,1/4/2015
157,361,1/4/2015
158,779,1/4/2015
159,1046,1/4/2015
160,82,1/4/2015
161,609,1/4/2015
162,172,1/5/2015
163,798,1/5/2015
164,1296,1/5/2015
165,1853,1/5/2015
166,980,1/5/2015
167,1349,1/5/2015
168,1937,1/5/2015
169,441,1/5/2015
170,256,1/5/2015
171,693,1/5/2015
172,1527,1/5/2015
173,1551,1/5/2015
174,715,1/5/2015
175,176,1/5/2015
176,16,1/5/2015
177,1177,1/5/2015
178,1234,1/5/2015
179,903,1/5/2015
180,853,1/5/2015
181,496,1/5/2015
182,497,1/5/2015
183,789,1/5/2015
184,916,1/5/2015
185,1782,1/5/2015
186,1369,1/5/2015
187,1923,1/5/2015
188,1639,1/5/2015
189,621,1/5/2015
190,1850,1/5/2015
191,651,1/5/2015
192,368,1/5/2015
193,201,1/5/2015
194,1142,1/5/2015
195,433,1/5/2015
196,1579,1/5/2015
197,1865,1/5/2015
198,157,1/5/2015
199,662,1/5/2015
200,454,1/5/2015
201,534,1/5/2015
202,1672,1/5/2015
203,854,1/5/2015
204,1119,1/5/2015
205,306,1/5/2015
206,866,1/5/2015
207,867,1/5/2015
208,1681,1/5/2015
209,94,1/5/2015
210,485,1/5/2015
211,440,1/5/2015
212,629,1/5/2015
213,1673,1/6/2015
214,701,1/6/2015
215,1942,1/6/2015
216,1615,1/6/2015
217,103,1/6/2015
218,1357,1/6/2015
219,822,1/6/2015
220,1980,1/6/2015
221,295,1/6/2015
222,312,1/6/2015
223,40,1/6/2015
224,1499,1/6/2015
225,1710,1/6/2015
226,1360,1/6/2015
227,1619,1/6/2015
228,319,1/6/2015
229,589,1/6/2015
230,1992,1/6/2015
231,586,1/6/2015
232,685,1/6/2015
233,1990,1/6/2015
234,756,1/6/2015
235,1195,1/6/2015
236,1647,1/6/2015
237,360,1/6/2015
238,1933,1/6/2015
239,1182,1/6/2015
240,1659,1/6/2015
241,1290,1/6/2015
242,410,1/6/2015
243,1414,1/6/2015
244,345,1/6/2015
245,298,1/6/2015
246,1166,1/6/2015
247,1578,1/6/2015
248,223,1/6/2015
249,1040,1/6/2015
250,688,1/6/2015
251,1616,1/6/2015
252,341,1/6/2015
253,86,1/6/2015
254,1566,1/6/2015
255,1301,1/6/2015
256,1206,1/6/2015
257,66,1/6/2015
258,1494,1/6/2015
259,478,1/6/2015
260,949,1/6/2015
261,703,1/6/2015
262,1546,1/6/2015
263,1121,1/6/2015
264,1168,1/6/2015
265,1473,1/6/2015
266,207,1/6/2015
267,1950,1/6/2015
268,1738,1/6/2015
269,468,1/6/2015
270,414,1/6/2015
271,678,1/6/2015
272,1943,1/6/2015
273,433,1/6/2015
274,1572,1/6/2015
275,129,1/6/2015
276,1822,1/6/2015
277,1772,1/7/2015
278,1675,1/7/2015
279,1087,1/7/2015
280,1020,1/7/2015
281,639,1/7/2015
282,1281,1/7/2015
283,682,1/7/2015
284,1655,1/7/2015
285,1085,1/7/2015
286,778,1/7/2015
287,1029,1/7/2015
288,819,1/7/2015
289,527,1/7/2015
290,182,1/7/2015
291,852,1/7/2015
292,922,1/7/2015
293,705,1/7/2015
294,1971,1/7/2015
295,798,1/7/2015
296,1063,1/7/2015
297,1202,1/7/2015
298,193,1/7/2015
299,918,1/7/2015
300,915,1/7/2015
301,445,1/7/2015
302,480,1/7/2015
303,912,1/7/2015
304,1965,1/7/2015
305,146,1/7/2015
306,463,1/7/2015
307,1224,1/7/2015
308,580,1/7/2015
309,1825,1/7/2015
310,220,1/7/2015
311,975,1/7/2015
312,985,1/7/2015
313,452,1/7/2015
314,100,1/7/2015
315,1515,1/7/2015
316,1635,1/7/2015
317,889,1/7/2015
318,1006,1/7/2015
319,860,1/7/2015
320,765,1/7/2015
321,1295,1/7/2015
322,303,1/7/2015
323,1192,1/7/2015
324,1755,1/7/2015
325,583,1/7/2015
326,753,1/7/2015
327,989,1/7/2015
328,1559,1/7/2015
329,398,1/7/2015
330,1191,1/7/2015
331,1259,1/7/2015
332,36,1/7/2015
333,1185,1/7/2015
334,466,1/7/2015
335,1520,1/8/2015
336,158,1/8/2015
337,1652,1/8/2015
338,1820,1/8/2015
339,464,1/8/2015
340,1487,1/8/2015
341,1300,1/8/2015
342,306,1/8/2015
343,995,1/8/2015
344,1954,1/8/2015
345,922,1/8/2015
346,1869,1/8/2015
347,1395,1/8/2015
348,967,1/8/2015
349,90,1/8/2015
350,1281,1/8/2015
351,797,1/8/2015
352,1680,1/8/2015
353,1017,1/8/2015
354,1150,1/8/2015
355,401,1/8/2015
356,216,1/8/2015
357,1209,1/8/2015
358,207,1/8/2015
359,1771,1/8/2015
360,1291,1/8/2015
361,1506,1/8/2015
362,1207,1/8/2015
363,1172,1/8/2015
364,1459,1/8/2015
365,1808,1/8/2015
366,1550,1/8/2015
367,1109,1/8/2015
368,1275,1/8/2015
369,716,1/8/2015
370,1230,1/8/2015
371,154,1/8/2015
372,1443,1/8/2015
373,706,1/8/2015
374,1085,1/8/2015
375,71,1/8/2015
376,1843,1/8/2015
377,1114,1/8/2015
378,1463,1/8/2015
379,1131,1/8/2015
380,152,1/8/2015
381,1195,1/9/2015
382,34,1/9/2015
383,916,1/9/2015
384,326,1/9/2015
385,1596,1/9/2015
386,19,1/9/2015
387,1225,1/9/2015
388,1594,1/9/2015
389,78,1/9/2015
390,822,1/9/2015
391,503,1/9/2015
392,392,1/9/2015
393,1446,1/9/2015
394,1279,1/9/2015
395,635,1/9/2015
396,1820,1/9/2015
397,71,1/9/2015
398,1999,1/9/2015
399,641,1/9/2015
400,1602,1/9/2015
401,61,1/9/2015
402,595,1/9/2015
403,1229,1/9/2015
404,141,1/9/2015
405,810,1/9/2015
406,459,1/9/2015
407,626,1/9/2015
408,1920,1/9/2015
409,862,1/9/2015
410,1772,1/9/2015
411,1436,1/9/2015
412,1319,1/9/2015
413,1901,1/9/2015
414,1495,1/9/2015
415,255,1/9/2015
416,1637,1/9/2015
417,1805,1/9/2015
418,219,1/9/2015
419,576,1/9/2015
420,306,1/9/2015
421,1659,1/9/2015
422,461,1/9/2015
423,1048,1/9/2015
424,582,1/9/2015
425,1601,1/9/2015
426,1584,1/9/2015
427,453,1/9/2015
428,858,1/9/2015
429,1978,1/9/2015
430,107,1/9/2015
431,1194,1/9/2015
432,1064,1/9/2015
433,272,1/9/2015
434,1598,1/9/2015
435,1035,1/9/2015
436,93,1/9/2015
437,1708,1/9/2015
438,800,1/9/2015
439,976,1/9/2015
440,1546,1/10/2015
441,888,1/10/2015
442,901,1/10/2015
443,251,1/10/2015
444,850,1/10/2015
445,1436,1/10/2015
446,1662,1/10/2015
447,1845,1/10/2015
448,137,1/10/2015
449,1941,1/10/2015
450,318,1/10/2015
451,591,1/10/2015
452,847,1/10/2015
453,1951,1/10/2015
454,1156,1/10/2015
455,515,1/10/2015
456,367,1/10/2015
457,1401,1/10/2015
458,414,1/10/2015
459,139,1/10/2015
460,1099,1/10/2015
461,553,1/10/2015
462,390,1/10/2015
463,1648,1/10/2015
464,1934,1/10/2015
465,945,1/10/2015
466,1844,1/10/2015
467,569,1/10/2015
468,1260,1/10/2015
469,1561,1/10/2015
470,1448,1/10/2015
471,61,1/10/2015
472,1637,1/10/2015
473,1073,1/10/2015
474,1967,1/10/2015
475,799,1/10/2015
476,1644,1/10/2015
477,1935,1/10/2015
478,1475,1/10/2015
479,20,1/10/2015
480,400,1/10/2015
481,587,1/10/2015
482,1063,1/10/2015
483,545,1/10/2015
484,1121,1/10/2015
485,584,1/10/2015
486,636,1/10/2015
487,721,1/10/2015
488,1013,1/10/2015
489,1050,1/10/2015
490,165,1/10/2015
491,1838,1/10/2015
492,957,1/10/2015
493,1419,1/10/2015
494,347,1/10/2015
495,1430,1/10/2015
496,1609,1/10/2015
497,674,1/10/2015
498,1028,1/10/2015
499,1363,1/10/2015
500,1833,1/10/2015
501,1037,1/10/2015
502,422,1/10/2015
503,1820,1/10/2015
504,457,1/10/2015
505,1267,1/11/2015
506,1964,1/11/2015
507,113,1/11/2015
508,948,1/11/2015
509,1349,1/11/2015
510,1251,1/11/2015
511,1271,1/11/2015
512,1253,1/11/2015
513,609,1/11/2015
514,1929,1/11/2015
515,1218,1/11/2015
516,1994,1/11/2015
517,339,1/11/2015
518,861,1/11/2015
519,1464,1/11/2015
520,1844,1/11/2015
521,597,1/11/2015
522,884,1/11/2015
523,609,1/11/2015
524,683,1/11/2015
525,654,1/11/2015
526,922,1/11/2015
527,239,1/11/2015
528,1977,1/11/2015
529,1223,1/11/2015
530,1018,1/11/2015
531,664,1/11/2015
532,1910,1/11/2015
533,1852,1/11/2015
534,1732,1/11/2015
535,1700,1/11/2015
536,1208,1/11/2015
537,522,1/11/2015
538,404,1/11/2015
539,648,1/11/2015
540,629,1/11/2015
541,1614,1/11/2015
542,1296,1/11/2015
543,1745,1/11/2015
544,987,1/11/2015
545,984,1/11/2015
546,1153,1/11/2015
547,491,1/11/2015
548,916,1/11/2015
549,1306,1/11/2015
550,35,1/11/2015
551,717,1/11/2015
552,1901,1/11/2015
553,855,1/11/2015
554,1812,1/11/2015
555,1310,1/11/2015
556,1727,1/11/2015
557,430,1/12/2015
558,94,1/12/2015
559,808,1/12/2015
560,1983,1/12/2015
561,242,1/12/2015
562,1476,1/12/2015
563,10,1/12/2015
564,1819,1/12/2015
565,472,1/12/2015
566,1036,1/12/2015
567,438,1/12/2015
568,926,1/12/2015
569,498,1/12/2015
570,1749,1/12/2015
571,315,1/12/2015
572,441,1/12/2015
573,576,1/12/2015
574,1000,1/12/2015
575,1821,1/12/2015
576,998,1/12/2015
577,409,1/12/2015
578,1570,1/12/2015
579,324,1/12/2015
580,470,1/12/2015
581,1594,1/12/2015
582,354,1/12/2015
583,1903,1/12/2015
584,277,1/12/2015
585,1300,1/12/2015
586,580,1/12/2015
587,186,1/12/2015
588,221,1/12/2015
589,1242,1/12/2015
590,1904,1/12/2015
591,857,1/12/2015
592,1647,1/12/2015
593,124,1/12/2015
594,1441,1/12/2015
595,1911,1/12/2015
596,742,1/12/2015
597,861,1/12/2015
598,1948,1/12/2015
599,963,1/12/2015
600,1112,1/12/2015
601,311,1/12/2015
602,508,1/12/2015
603,766,1/12/2015
604,956,1/12/2015
605,85,1/12/2015
606,404,1/12/2015
607,464,1/12/2015
608,1423,1/12/2015
609,1308,1/12/2015
610,1601,1/12/2015
611,1391,1/12/2015
612,398,1/13/2015
613,774,1/13/2015
614,1818,1/13/2015
615,702,1/13/2015
616,979,1/13/2015
617,224,1/13/2015
618,831,1/13/2015
619,1194,1/13/2015
620,1471,1/13/2015
621,536,1/13/2015
622,1785,1/13/2015
623,1253,1/13/2015
624,1850,1/13/2015
625,526,1/13/2015
626,178,1/13/2015
627,298,1/13/2015
628,189,1/13/2015
629,1271,1/13/2015
630,267,1/13/2015
631,364,1/13/2015
632,1071,1/13/2015
633,129,1/13/2015
634,670,1/13/2015
635,1620,1/13/2015
636,65,1/13/2015
637,683,1/13/2015
638,606,1/13/2015
639,1348,1/13/2015
640,32,1/13/2015
641,1374,1/13/2015
642,1543,1/13/2015
643,1823,1/13/2015
644,1885,1/13/2015
645,42,1/13/2015
646,1043,1/13/2015
647,1641,1/13/2015
648,1126,1/13/2015
649,1624,1/13/2015
650,214,1/13/2015
651,1948,1/13/2015
652,1892,1/13/2015
653,1751,1/13/2015
654,954,1/13/2015
655,1272,1/13/2015
656,105,1/13/2015
657,1074,1/13/2015
658,1801,1/13/2015
659,1913,1/13/2015
660,1962,1/14/2015
661,1051,1/14/2015
662,274,1/14/2015
663,429,1/14/2015
664,734,1/14/2015
665,1866,1/14/2015
666,909,1/14/2015
667,532,1/14/2015
668,1003,1/14/2015
669,1301,1/14/2015
670,426,1/14/2015
671,1855,1/14/2015
672,64,1/14/2015
673,1119,1/14/2015
674,1591,1/14/2015
675,329,1/14/2015
676,1975,1/14/2015
677,215,1/14/2015
678,485,1/14/2015
679,800,1/14/2015
680,291,1/14/2015
681,917,1/14/2015
682,1847,1/14/2015
683,287,1/14/2015
684,328,1/14/2015
685,1752,1/14/2015
686,216,1/14/2015
687,21,1/14/2015
688,1027,1/14/2015
689,1482,1/14/2015
690,1470,1/14/2015
691,310,1/14/2015
692,971,1/14/2015
693,1506,1/14/2015
694,987,1/14/2015
695,1876,1/14/2015
696,1473,1/14/2015
697,1263,1/14/2015
698,81,1/14/2015
699,743,1/14/2015
700,290,1/14/2015
701,948,1/14/2015
702,428,1/14/2015
703,170,1/14/2015
704,452,1/14/2015
705,1330,1/14/2015
706,763,1/14/2015
707,654,1/14/2015
708,109,1/14/2015
709,1814,1/14/2015
710,1312,1/14/2015
711,1587,1/14/2015
712,326,1/14/2015
713,1399,1/14/2015
714,508,1/14/2015
715,1267,1/14/2015
716,1941,1/14/2015
717,95,1/14/2015
718,390,1/14/2015
719,293,1/14/2015
720,261,1/14/2015
721,943,1/14/2015
722,92,1/15/2015
723,940,1/15/2015
724,1395,1/15/2015
725,656,1/15/2015
726,1247,1/15/2015
727,1611,1/15/2015
728,370,1/15/2015
729,310,1/15/2015
730,1314,1/15/2015
731,552,1/15/2015
732,89,1/15/2015
733,348,1/15/2015
734,1648,1/15/2015
735,775,1/15/2015
736,1965,1/15/2015
737,902,1/15/2015
738,1243,1/15/2015
739,1989,1/15/2015
740,1330,1/15/2015
741,927,1/15/2015
742,267,1/15/2015
743,834,1/15/2015
744,321,1/15/2015
745,305,1/15/2015
746,776,1/15/2015
747,1842,1/15/2015
748,748,1/15/2015
749,245,1/15/2015
750,201,1/15/2015
751,650,1/15/2015
752,1230,1/15/2015
753,877,1/15/2015
754,1393,1/15/2015
755,1480,1/15/2015
756,464,1/15/2015
757,1367,1/15/2015
758,1833,1/15/2015
759,427,1/15/2015
760,690,1/15/2015
761,616,1/15/2015
762,1357,1/15/2015
763,790,1/15/2015
764,789,1/15/2015
765,1770,1/15/2015
766,1094,1/15/2015
767,872,1/15/2015
768,1285,1/15/2015
769,1372,1/15/2015
770,976,1/15/2015
771,1458,1/15/2015
772,1985,1/15/2015
773,1348,1/15/2015
774,318,1/15/2015
775,653,1/15/2015
776,505,1/15/2015
777,1768,1/15/2015
778,217,1/15/2015
779,60,1/15/2015
780,1635,1/15/2015
781,1505,1/15/2015
782,545,1/15/2015
783,1839,1/15/2015
784,1673,1/16/2015
785,478,1/16/2015
786,222,1/16/2015
787,1197,1/16/2015
788,536,1/16/2015
789,326,1/16/2015
790,897,1/16/2015
791,1546,1/16/2015
792,484,1/16/2015
793,309,1/16/2015
794,1284,1/16/2015
795,1581,1/16/2015
796,268,1/16/2015
797,273,1/16/2015
798,1652,1/16/2015
799,1564,1/16/2015
800,1809,1/16/2015
801,983,1/16/2015
802,143,1/16/2015
803,1472,1/16/2015
804,1698,1/16/2015
805,838,1/16/2015
806,934,1/16/2015
807,1739,1/16/2015
808,1199,1/16/2015
809,1169,1/16/2015
810,890,1/16/2015
811,1670,1/16/2015
812,13,1/16/2015
813,1395,1/16/2015
814,1783,1/16/2015
815,169,1/16/2015
816,813,1/16/2015
817,1352,1/16/2015
818,1519,1/16/2015
819,1667,1/16/2015
820,295,1/16/2015
821,217,1/16/2015
822,535,1/16/2015
823,1363,1/16/2015
824,1917,1/16/2015
825,1546,1/16/2015
826,1073,1/16/2015
827,1749,1/16/2015
828,1580,1/16/2015
829,677,1/16/2015
830,1798,1/16/2015
831,967,1/17/2015
832,1743,1/17/2015
833,1611,1/17/2015
834,1744,1/17/2015
835,1435,1/17/2015
836,48,1/17/2015
837,1192,1/17/2015
838,206,1/17/2015
839,960,1/17/2015
840,763,1/17/2015
841,1181,1/17/2015
842,577,1/17/2015
843,878,1/17/2015
844,1973,1/17/2015
845,1891,1/17/2015
846,137,1/17/2015
847,1224,1/18/2015
848,440,1/18/2015
849,1381,1/18/2015
850,889,1/18/2015
851,991,1/18/2015
852,437,1/18/2015
853,1817,1/18/2015
854,801,1/18/2015
855,71,1/18/2015
856,765,1/18/2015
857,1508,1/18/2015
858,1066,1/18/2015
859,1243,1/19/2015
860,1472,1/19/2015
861,666,1/19/2015
862,83,1/19/2015
863,1611,1/19/2015
864,1683,1/19/2015
865,788,1/19/2015
866,983,1/19/2015
867,109,1/19/2015
868,504,1/19/2015
869,1830,1/20/2015
870,1572,1/20/2015
871,1337,1/20/2015
872,1764,1/20/2015
873,1198,1/20/2015
874,311,1/20/2015
875,361,1/20/2015
876,843,1/20/2015
877,1644,1/20/2015
878,1806,1/20/2015
879,711,1/20/2015
880,1156,1/20/2015
881,1677,1/20/2015
882,376,1/20/2015
883,1820,1/20/2015
884,212,1/20/2015
885,971,1/20/2015
886,109,1/20/2015
887,1368,1/21/2015
888,267,1/21/2015
889,1467,1/21/2015
890,1068,1/21/2015
891,1415,1/21/2015
892,1740,1/21/2015
893,775,1/21/2015
894,373,1/21/2015
895,1930,1/21/2015
896,1298,1/21/2015
897,726,1/21/2015
898,495,1/21/2015
899,1711,1/21/2015
900,1067,1/21/2015
901,1926,1/21/2015
902,680,1/21/2015
903,1225,1/21/2015
904,583,1/21/2015
905,1525,1/21/2015
906,1054,1/21/2015
907,1893,1/21/2015
908,1707,1/21/2015
909,1378,1/21/2015
910,1717,1/21/2015
911,132,1/21/2015
912,1139,1/21/2015
913,899,1/21/2015
914,313,1/21/2015
915,1473,1/21/2015
916,1714,1/21/2015
917,239,1/22/2015
918,82,1/22/2015
919,894,1/22/2015
920,849,1/22/2015
921,1789,1/22/2015
922,678,1/22/2015
923,1507,1/22/2015
924,1979,1/22/2015
925,1559,1/22/2015
926,186,1/22/2015
927,894,1/22/2015
928,1247,1/22/2015
929,746,1/22/2015
930,528,1/22/2015
931,1694,1/22/2015
932,1791,1/22/2015
933,176,1/22/2015
934,1915,1/22/2015
935,1855,1/22/2015
936,1084,1/22/2015
937,136,1/22/2015
938,1573,1/22/2015
939,1220,1/22/2015
940,299,1/22/2015
941,712,1/22/2015
942,1120,1/22/2015
943,1987,1/22/2015
944,580,1/22/2015
945,1253,1/22/2015
946,1554,1/22/2015
947,870,1/22/2015
948,1817,1/22/2015
949,1537,1/22/2015
950,1097,1/22/2015
951,1061,1/22/2015
952,674,1/22/2015
953,332,1/22/2015
954,709,1/22/2015
955,1789,1/22/2015
956,326,1/22/2015
957,106,1/22/2015
958,298,1/22/2015
959,707,1/22/2015
960,1447,1/22/2015
961,207,1/22/2015
962,1412,1/22/2015
963,297,1/22/2015
964,751,1/22/2015
965,57,1/22/2015
966,756,1/22/2015
967,481,1/22/2015
968,790,1/22/2015
969,1250,1/22/2015
970,1723,1/22/2015
971,1700,1/22/2015
972,1437,1/22/2015
973,1249,1/22/2015
974,799,1/22/2015
975,1884,1/22/2015
976,1314,1/22/2015
977,579,1/22/2015
978,13,1/22/2015
979,1117,1/22/2015
980,1588,1/22/2015
981,75,1/22/2015
982,1044,1/22/2015
983,1552,1/22/2015
984,1150,1/22/2015
985,494,1/23/2015
986,424,1/23/2015
987,501,1/23/2015
988,868,1/23/2015
989,108,1/23/2015
990,1372,1/23/2015
991,1603,1/23/2015
992,1461,1/23/2015
993,95,1/23/2015
994,566,1/23/2015
995,105,1/23/2015
996,721,1/23/2015
997,982,1/23/2015
998,1761,1/23/2015
999,614,1/23/2015
1000,1504,1/23/2015
1001,626,1/23/2015
1002,18,1/23/2015
1003,1522,1/23/2015
1004,1465,1/23/2015
1005,520,1/23/2015
1006,1997,1/23/2015
1007,676,1/23/2015
1008,1611,1/23/2015
1009,345,1/23/2015
1010,333,1/23/2015
1011,1276,1/23/2015
1012,381,1/23/2015
1013,1823,1/23/2015
1014,250,1/23/2015
1015,105,1/23/2015
1016,238,1/23/2015
1017,1325,1/23/2015
1018,1821,1/23/2015
1019,1562,1/23/2015
1020,997,1/23/2015
1021,429,1/23/2015
1022,1705,1/23/2015
1023,1612,1/23/2015
1024,356,1/23/2015
1025,1292,1/23/2015
1026,1360,1/23/2015
1027,1759,1/23/2015
1028,1092,1/23/2015
1029,430,1/23/2015
1030,510,1/23/2015
1031,1324,1/23/2015
1032,1796,1/23/2015
1033,1474,1/23/2015
1034,1084,1/23/2015
1035,1629,1/23/2015
1036,1468,1/23/2015
1037,1780,1/23/2015
1038,1599,1/23/2015
1039,1284,1/23/2015
1040,1692,1/23/2015
1041,1360,1/23/2015
1042,809,1/23/2015
1043,515,1/23/2015
1044,875,1/23/2015
1045,1603,1/23/2015
1046,940,1/23/2015
1047,1966,1/23/2015
1048,1607,1/23/2015
1049,1714,1/23/2015
1050,1935,1/23/2015
1051,1742,1/23/2015
1052,172,1/24/2015
1053,80,1/24/2015
1054,1973,1/24/2015
1055,864,1/24/2015
1056,814,1/24/2015
1057,1175,1/24/2015
1058,1970,1/24/2015
1059,294,1/24/2015
1060,68,1/24/2015
1061,697,1/24/2015
1062,316,1/24/2015
1063,1469,1/24/2015
1064,1704,1/24/2015
1065,674,1/24/2015
1066,539,1/24/2015
1067,176,1/24/2015
1068,385,1/24/2015
1069,1982,1/24/2015
1070,1878,1/24/2015
1071,367,1/24/2015
1072,464,1/24/2015
1073,1259,1/24/2015
1074,1330,1/24/2015
1075,1431,1/24/2015
1076,1154,1/24/2015
1077,1547,1/24/2015
1078,550,1/24/2015
1079,218,1/24/2015
1080,901,1/24/2015
1081,1792,1/24/2015
1082,1020,1/24/2015
1083,364,1/24/2015
1084,1618,1/24/2015
1085,118,1/24/2015
1086,215,1/24/2015
1087,504,1/24/2015
1088,486,1/24/2015
1089,1140,1/24/2015
1090,907,1/24/2015
1091,1571,1/24/2015
1092,1304,1/24/2015
1093,781,1/24/2015
1094,1114,1/24/2015
1095,10,1/24/2015
1096,771,1/24/2015
1097,495,1/24/2015
1098,377,1/24/2015
1099,1327,1/25/2015
1100,1613,1/25/2015
1101,1379,1/25/2015
1102,1523,1/25/2015
1103,676,1/25/2015
1104,1360,1/25/2015
1105,1400,1/25/2015
1106,392,1/25/2015
1107,336,1/25/2015
1108,1544,1/25/2015
1109,942,1/25/2015
1110,1015,1/25/2015
1111,238,1/25/2015
1112,599,1/25/2015
1113,581,1/25/2015
1114,1238,1/25/2015
1115,504,1/25/2015
1116,106,1/25/2015
1117,856,1/25/2015
1118,660,1/25/2015
1119,255,1/26/2015
1120,272,1/26/2015
1121,452,1/26/2015
1122,11,1/26/2015
1123,533,1/26/2015
1124,87,1/26/2015
1125,1833,1/26/2015
1126,1789,1/26/2015
1127,1638,1/26/2015
1128,1186,1/26/2015
1129,1128,1/26/2015
1130,1111,1/26/2015
1131,396,1/26/2015
1132,994,1/26/2015
1133,82,1/26/2015
1134,1715,1/26/2015
1135,1205,1/26/2015
1136,1698,1/26/2015
1137,330,1/26/2015
1138,496,1/27/2015
1139,392,1/27/2015
1140,308,1/27/2015
1141,303,1/27/2015
1142,1469,1/27/2015
1143,89,1/27/2015
1144,483,1/27/2015
1145,729,1/27/2015
1146,304,1/27/2015
1147,912,1/27/2015
1148,1084,1/28/2015
1149,1253,1/28/2015
1150,1117,1/28/2015
1151,1807,1/28/2015
1152,1396,1/28/2015
1153,443,1/28/2015
1154,1444,1/28/2015
1155,1553,1/28/2015
1156,1519,1/28/2015
1157,803,1/28/2015
1158,1162,1/28/2015
1159,1540,1/28/2015
1160,643,1/28/2015
1161,421,1/28/2015
1162,674,1/28/2015
1163,1033,1/28/2015
1164,65,1/28/2015
1165,395,1/28/2015
1166,1562,1/28/2015
1167,1965,1/28/2015
1168,217,1/28/2015
1169,1224,1/28/2015
1170,1968,1/28/2015
1171,1726,1/28/2015
1172,880,1/28/2015
1173,717,1/28/2015
1174,822,1/28/2015
1175,117,1/28/2015
1176,209,1/28/2015
1177,1475,1/28/2015
1178,284,1/28/2015
1179,800,1/28/2015
1180,307,1/29/2015
1181,1180,1/29/2015
1182,1232,1/29/2015
1183,1063,1/29/2015
1184,1683,1/29/2015
1185,567,1/29/2015
1186,1676,1/29/2015
1187,1279,1/29/2015
1188,941,1/29/2015
1189,367,1/29/2015
1190,56,1/29/2015
1191,361,1/29/2015
1192,1451,1/29/2015
1193,753,1/29/2015
1194,255,1/29/2015
1195,1283,1/29/2015
1196,1206,1/29/2015
1197,1712,1/29/2015
1198,1555,1/29/2015
1199,1243,1/29/2015
1200,1545,1/29/2015
1201,1818,1/29/2015
1202,989,1/29/2015
1203,1186,1/29/2015
1204,877,1/29/2015
1205,1084,1/29/2015
1206,1522,1/29/2015
1207,1828,1/29/2015
1208,1110,1/29/2015
1209,226,1/29/2015
1210,926,1/29/2015
1211,279,1/29/2015
1212,1027,1/29/2015
1213,792,1/29/2015
1214,877,1/29/2015
1215,42,1/29/2015
1216,796,1/29/2015
1217,1989,1/29/2015
1218,947,1/29/2015
1219,568,1/29/2015
1220,1281,1/29/2015
1221,1252,1/29/2015
1222,1802,1/29/2015
1223,1161,1/29/2015
1224,1079,1/29/2015
1225,617,1/29/2015
1226,1747,1/29/2015
1227,1353,1/29/2015
1228,489,1/29/2015
1229,1052,1/29/2015
1230,1190,1/29/2015
1231,1927,1/29/2015
1232,1384,1/29/2015
1233,1090,1/29/2015
1234,1581,1/29/2015
1235,488,1/29/2015
1236,1359,1/29/2015
1237,160,1/30/2015
1238,721,1/30/2015
1239,164,1/30/2015
1240,912,1/30/2015
1241,866,1/30/2015
1242,577,1/30/2015
1243,829,1/30/2015
1244,1408,1/30/2015
1245,1027,1/30/2015
1246,951,1/30/2015
1247,226,1/30/2015
1248,1745,1/30/2015
1249,718,1/30/2015
1250,199,1/30/2015
1251,386,1/30/2015
1252,850,1/30/2015
1253,1606,1/30/2015
1254,590,1/30/2015
1255,1925,1/30/2015
1256,1914,1/30/2015
1257,44,1/30/2015
1258,1211,1/30/2015
1259,191,1/30/2015
1260,321,1/30/2015
1261,1793,1/30/2015
1262,948,1/30/2015
1263,1339,1/30/2015
1264,622,1/30/2015
1265,175,1/30/2015
1266,58,1/30/2015
1267,1246,1/30/2015
1268,1401,1/30/2015
1269,487,1/30/2015
1270,902,1/30/2015
1271,1199,1/30/2015
1272,1688,1/30/2015
1273,1670,1/30/2015
1274,904,1/30/2015
1275,672,1/30/2015
1276,10,1/30/2015
1277,220,1/30/2015
1278,361,1/30/2015
1279,503,1/30/2015
1280,791,1/30/2015
1281,1655,1/30/2015
1282,1666,1/30/2015
1283,1915,1/30/2015
1284,322,1/30/2015
1285,1211,1/30/2015
1286,270,1/30/2015
1287,945,1/30/2015
1288,441,1/30/2015
1289,187,1/30/2015
1290,1364,1/30/2015
1291,949,1/30/2015
1292,1679,1/30/2015
1293,764,1/30/2015
1294,1008,1/30/2015
1295,1371,1/30/2015
1296,425,1/30/2015
1297,1664,1/30/2015
1298,768,1/30/2015
1299,1511,1/30/2015
1300,425,1/30/2015
1301,327,1/30/2015
1302,247,1/31/2015
1303,1643,1/31/2015
1304,1829,1/31/2015
1305,487,1/31/2015
1306,1386,1/31/2015
1307,1519,1/31/2015
1308,1408,1/31/2015
1309,1858,1/31/2015
1310,22,1/31/2015
1311,1776,1/31/2015
1312,265,1/31/2015
1313,901,1/31/2015
1314,194,1/31/2015
